Type,Name,Request Count,Failure Count,Median Response Time,Average Response Time,Min Response Time,Max Response Time,Average Content Size,Requests/s,Failures/s,50%,66%,75%,80%,90%,95%,98%,99%,99.9%,99.99%,100%
Round Trip Time,devices-1,200,0,32,32.58864184502272,30.15889100061031,76.65940300103102,256.0,0.2747162185331487,0.0,32,33,33,34,34,34,34,47,77,77,77
latência,devices-1,200,0,17,16.690658570059895,14.54181599910953,47.36914900058764,256.0,0.2747162185331487,0.0,17,17,18,18,18,18,19,19,47,47,47
,Aggregated,400,0,30,24.639650207541308,14.54181599910953,76.65940300103102,256.0,0.5494324370662974,0.0,30,32,32,33,34,34,34,35,77,77,77
