Type,Name,Request Count,Failure Count,Median Response Time,Average Response Time,Min Response Time,Max Response Time,Average Content Size,Requests/s,Failures/s,50%,66%,75%,80%,90%,95%,98%,99%,99.9%,99.99%,100%
Round Trip Time,devices-1,700,0,33,32.719776575696805,29.99350099980802,79.26518299973395,18.0,0.22202047909831238,0.0,33,33,34,34,34,34,35,37,79,79,79
latência,devices-1,700,0,17,16.96419805999962,14.647545000116224,47.05392799996844,18.0,0.22202047909831238,0.0,17,18,18,18,18,19,19,21,47,47,47
,Aggregated,1400,0,30,24.841987317848215,14.647545000116224,79.26518299973395,18.0,0.44404095819662476,0.0,30,32,33,33,34,34,35,35,47,79,79
